,r,p_value
betweenness_1,0.1306719134346675,0.035930550098011306
betweenness_2,-0.060340848862448504,0.33434891136601297
betweenness_3,-0.05642747462189386,0.3666969245441162
betweenness_4,0.007344680635489526,0.9065416817752696
betweenness_5,-0.1431792966864595,0.021420019837161672
betweenness_6,-0.02660430915951245,0.6705970314760532
betweenness_7,-0.012606008685960903,0.8403019413438138
betweenness_8,-0.08125306144984944,0.19328170222340543
betweenness_9,0.04345846007863999,0.48706464693857743
betweenness_10,-0.01459860955188221,0.8154801630821991
betweenness_11,0.054080716154835354,0.3869948049157861
betweenness_12,0.07633086116585715,0.22175107800084992
betweenness_13,0.002311176205388751,0.9705306341084334
betweenness_14,0.10569920779475384,0.09021096412068245
betweenness_15,0.13583508762455768,0.029156787057605146
betweenness_16,0.08564994478913877,0.17019323541562745
betweenness_17,-0.06869449298519827,0.27162057514427435
betweenness_18,-0.004251962864328205,0.945813249971066
betweenness_19,-0.049920052659334385,0.42461567508395404
betweenness_20,0.042497275703689386,0.4967578827295662
betweenness_21,0.07236684539229171,0.24675851840625992
betweenness_22,-0.04524445646315295,0.46932648013296174
betweenness_23,-0.010277443098429147,0.8695084245175255
betweenness_24,0.07301080477599352,0.24256769102025896
betweenness_25,0.05610879363638469,0.36941390983792144
betweenness_26,0.05944467687965437,0.34159028459186813
betweenness_27,0.04369215020225374,0.48472340049761153
betweenness_28,-0.06842716773703963,0.27349471472641385
betweenness_29,-0.07288378294983872,0.24339037260874163
betweenness_30,0.13554268432961838,0.029508884435516525
betweenness_31,0.05567458777836523,0.3731357938439286
betweenness_32,0.12079393334870758,0.052633201176135645
betweenness_33,0.021654618271849356,0.7292102200625699
betweenness_34,0.004920330682001133,0.9373118717948753
betweenness_35,-0.00601773912381917,0.9233691041196954
betweenness_36,-0.1059563476715954,0.08942643888058441
betweenness_37,-0.04637961069191838,0.4582395989555863
betweenness_38,0.02109284720426164,0.7359709137553905
betweenness_39,0.05814543170877293,0.35226438648009195
betweenness_40,-0.03479205109488974,0.5780072083853578
betweenness_41,-0.07192148569407056,0.24968621257207185
betweenness_42,0.21033748456193313,0.0006732856886284181
betweenness_43,0.05365270021767828,0.39076898720970765
betweenness_44,-0.04774671298290524,0.4450833620339534
betweenness_45,0.10613067012089154,0.08889770043718036
betweenness_46,0.014510845488324164,0.8165697634887247
betweenness_47,-0.1674986876388472,0.007008519929336097
betweenness_48,-0.05473930395584948,0.3812308287695937
betweenness_49,-0.0757014392229024,0.22559647572825028
betweenness_50,-0.14551917453912372,0.019361560517408224
betweenness_51,0.127152689474302,0.04127590265900747
betweenness_52,0.024404248959684297,0.6964293492588195
betweenness_53,-0.10647308178621406,0.08786642092854903
betweenness_54,0.004988808459489364,0.9364412458472969
betweenness_55,-0.13069194229362086,0.035901893454011416
betweenness_56,-0.1125996697650843,0.0709835791409537
betweenness_57,-0.14288696500415185,0.02169005204921647
betweenness_58,-0.06819420531282559,0.27513509707197736
betweenness_59,0.016996495935542245,0.7858541429768031
betweenness_60,0.15188161807045691,0.014609504505805726
betweenness_61,-0.06406584315046608,0.30531297276043323
betweenness_62,0.10025731909499153,0.10814175287517439
betweenness_63,-0.1340330072397395,0.03138515106293297
betweenness_64,-0.017062050171281328,0.7850483202770107
betweenness_65,0.030805341133236283,0.622350883518922
betweenness_66,0.13307047689590087,0.03263377462170089
betweenness_67,-0.09695179172992874,0.12033331196767005
betweenness_68,-0.18708306598735006,0.0025521380062440563
betweenness_69,-0.011610976220968355,0.8527580263331078
betweenness_70,-0.03702526808416739,0.5538311024816462
betweenness_71,0.03092788727858516,0.6209661656580732
betweenness_72,-0.05461772882959997,0.38229089581423836
betweenness_73,-0.10563263780280381,0.09041496162483886
betweenness_74,-0.01156893556591476,0.8532851299967115
betweenness_75,-0.053455608088678365,0.3925143655405444
betweenness_76,-0.10672294494585674,0.08711995100045584
betweenness_77,-0.1526409939355405,0.014117062292176748
betweenness_78,0.019567804712628468,0.7544255986066293
betweenness_79,0.0399715883681434,0.5227080046406027
betweenness_80,0.08072073192638364,0.19622523092587985
betweenness_81,-0.08238156163467253,0.1871485163973165
betweenness_82,0.003389342559780745,0.9567943808507531
betweenness_83,0.043695689808381816,0.48468798528814117
betweenness_84,0.08519893914034153,0.17246234539835698
betweenness_85,0.023151373451120012,0.7113005091667222
betweenness_86,-0.07233092237250349,0.2469937779567436
betweenness_87,-0.09018616757394517,0.14859404257640663
betweenness_88,-0.03152286626269143,0.6142621928150784
betweenness_89,-0.052407828087874316,0.40187176359392063
betweenness_90,-0.13365842052281898,0.03186614742962327
betweenness_91,0.0035263004259140102,0.9550503130934306
betweenness_92,0.1656478692262036,0.007670872952436512
betweenness_93,0.05001181781807767,0.4237636725607462
betweenness_94,0.11674639543530435,0.06113370175533627
betweenness_95,0.10332666714198263,0.0977120105460956
betweenness_96,-0.0031542120767440473,0.9597890868769436
betweenness_97,-0.1541174345531639,0.013201143542926239
betweenness_98,-0.08551964078082898,0.17084652694027128
betweenness_99,-0.01780042719309529,0.7759878575302057
betweenness_100,-0.04659725868884834,0.45613067428632725
strength_1,0.05061789687615404,0.41816149356116383
strength_2,0.13551036978781072,0.029548018169011016
strength_3,0.06084216771032443,0.3303413190382096
strength_4,0.11890221853121137,0.056475255904433544
strength_5,0.16660104136350629,0.007323101812303199
strength_6,0.20655479736105922,0.0008446975926768018
strength_7,0.12448531885686896,0.04576028521441912
strength_8,0.13290958137578351,0.032846565573178395
strength_9,0.17966996819589345,0.0037853954277308104
strength_10,0.10120889145411813,0.1048185646694026
strength_11,0.06972341991797244,0.26448877704677004
strength_12,0.042182454181368303,0.499954835760548
strength_13,0.1362838982058962,0.02862334606990787
strength_14,0.12588074455778733,0.043365881804143365
strength_15,0.11384179142753027,0.06790597920810033
strength_16,0.05222504715763244,0.40351764650972355
strength_17,0.10900846164623199,0.08052560129965854
strength_18,0.0908714213392523,0.145520754671056
strength_19,0.11116344054539692,0.0746828534740683
strength_20,0.07921399171059834,0.20473350913778282
strength_21,-0.016544214625836197,0.7914199653851482
strength_22,0.11555445461879268,0.06384230119370794
strength_23,0.10156595832100312,0.10359257354980522
strength_24,0.09292088732863324,0.13661769940258492
strength_25,-0.10691776875832616,0.08654144945490404
strength_26,-0.03307130960736969,0.596965606753121
strength_27,0.04302376241567265,0.49143581014305127
strength_28,0.0997687450497151,0.10987992399340456
strength_29,0.15183342655969567,0.014641257805532663
strength_30,0.05323964811793968,0.3944322160752862
strength_31,0.09131024324219511,0.1435782510872427
strength_32,-0.09259246966241808,0.13801555946393848
strength_33,0.0022852978241630854,0.9708604576928066
strength_34,0.06859841472093756,0.2722931428490253
strength_35,0.11836906389435571,0.05759907890346939
strength_36,0.11871634810735346,0.05686496935904681
strength_37,0.13968406919271092,0.02484687654926447
strength_38,-0.07291116756323525,0.24321284622569492
strength_39,-0.035017358969942444,0.5755458592104259
strength_40,0.06750066120258863,0.2800580851490245
strength_41,0.027873226588274996,0.6558696509519144
strength_42,-0.05813097506156958,0.3523843252766574
strength_43,-0.057275691607426286,0.359525826312299
strength_44,0.07112513446781839,0.25498120350569564
strength_45,-0.00027845625529093087,0.9964486663015792
strength_46,0.04745390710461744,0.44788300876392106
strength_47,0.16963156778558097,0.006308925262564419
strength_48,0.10768361080550022,0.08429721534042499
strength_49,0.08964789084235288,0.15104251424967277
strength_50,0.10915380393255698,0.08012026522807443
strength_51,0.0390436198055418,0.5324133319496105
strength_52,0.07111884561889086,0.25502332506657704
strength_53,0.07300899410210784,0.24257940452732654
strength_54,0.07153041584314772,0.2522768398686053
strength_55,0.23126298603630974,0.00017858856109369433
strength_56,0.18795867108237027,0.0024336800634514105
strength_57,0.15886296213868378,0.010601219550287602
strength_58,0.18541098850573107,0.0027930179581232557
strength_59,0.02289175947668392,0.7143959608433292
strength_60,0.002035141389046013,0.9740489834938558
strength_61,-0.029458715279003036,0.6376538615066603
strength_62,0.06185816619261557,0.32231454873735055
strength_63,0.17212824080980807,0.005569872320750292
strength_64,0.09661453793206574,0.12163503634715131
strength_65,0.08508847536989786,0.1730215272992654
strength_66,0.060660489852418176,0.3317900841945297
strength_67,0.11093704198400606,0.07528002107241881
strength_68,0.20603212413908278,0.0008713184426121567
strength_69,0.21254667286700588,0.0005886748038437947
strength_70,0.1967791310837189,0.001490597042710448
strength_71,0.07009166696072858,0.2619678136348296
strength_72,0.13795114193268207,0.026714266043386344
strength_73,0.0819161004664579,0.1896606695924109
strength_74,0.08088962056928757,0.19528784228595916
strength_75,0.11742923036018682,0.05962511630230286
strength_76,-0.04469659623039408,0.47472965053306004
strength_77,0.17988588534240513,0.0037429478404720305
strength_78,0.012940704190364853,0.8361208899989979
strength_79,0.09487951438906102,0.12850558128006087
strength_80,-0.09020270706995889,0.14851928899621364
strength_81,0.06773963746183455,0.2783550831059951
strength_82,0.07839574258902826,0.20946424610873435
strength_83,0.09774792826100401,0.11730341704631082
strength_84,0.09255683285182878,0.13816789886049935
strength_85,0.06013362406449005,0.33601455058499796
strength_86,0.2298486937886087,0.00019611379424609634
strength_87,0.15565425166366256,0.012303654684637294
strength_88,0.1255299665398299,0.04395765316589249
strength_89,0.19109680669720489,0.002049072325313157
strength_90,0.11330654050769877,0.06921852204056729
strength_91,-0.008968247951145427,0.8860099859932595
strength_92,-0.11924391265627353,0.055764594038690246
strength_93,-0.06070101798995112,0.33146654486497273
strength_94,-0.04918823188663022,0.4314458659809871
strength_95,-0.09111249388147406,0.14445115349755316
strength_96,0.08544903604174257,0.17120128956929942
strength_97,0.09147584959728657,0.14285033323238228
strength_98,0.1792940347822259,0.003860339870413672
strength_99,0.08963531314449782,0.15110008993477528
strength_100,0.14997192727714853,0.015914993543307894
strengths_nodal_positive_1,0.13453070687710086,0.03075565856400593
strengths_nodal_positive_2,0.1573061226486256,0.011399311908582824
strengths_nodal_positive_3,0.04681034823103413,0.45407118698807614
strengths_nodal_positive_4,0.20548080171643648,0.0009002348247662888
strengths_nodal_positive_5,0.17043374540433628,0.0060624247906525385
strengths_nodal_positive_6,0.20257814855588813,0.001067599629404804
strengths_nodal_positive_7,0.11865485714006209,0.05699438576710421
strengths_nodal_positive_8,0.10341278362271937,0.0974313386324774
strengths_nodal_positive_9,0.16725857545692852,0.007091463342406212
strengths_nodal_positive_10,0.1291984617475523,0.0380925624904395
strengths_nodal_positive_11,0.08419266377822164,0.177606098886665
strengths_nodal_positive_12,0.09608976842711345,0.1236822649479936
strengths_nodal_positive_13,0.2024558653822974,0.0010752416960178959
strengths_nodal_positive_14,0.1903917568563302,0.002130302928629136
strengths_nodal_positive_15,0.19030650801531263,0.0021403210701703896
strengths_nodal_positive_16,0.08486766689644257,0.1741433252238634
strengths_nodal_positive_17,0.12416039499561352,0.046333438524702626
strengths_nodal_positive_18,0.10399555029000326,0.09554877813459162
strengths_nodal_positive_19,0.1314016551551616,0.0348988936553429
strengths_nodal_positive_20,0.16624048069166159,0.007452965780405664
strengths_nodal_positive_21,0.03510190904996805,0.5746234737909264
strengths_nodal_positive_22,0.10033124764823255,0.10788063661692615
strengths_nodal_positive_23,0.07121667215776346,0.25436864522065267
strengths_nodal_positive_24,0.10432746176117814,0.09448958770558794
strengths_nodal_positive_25,0.02689216615558123,0.6672447818780574
strengths_nodal_positive_26,0.008474223929838806,0.8922500295166386
strengths_nodal_positive_27,0.15310796660900722,0.01382152246800675
strengths_nodal_positive_28,0.1488077914645646,0.01675989357539239
strengths_nodal_positive_29,0.168574342404765,0.006647483964452098
strengths_nodal_positive_30,0.09372585999135633,0.13323740589978686
strengths_nodal_positive_31,0.19552695138614964,0.0016000698211913438
strengths_nodal_positive_32,0.0038386435092615527,0.951073644215318
strengths_nodal_positive_33,0.05106300762802437,0.41407495003344363
strengths_nodal_positive_34,0.15968819887017335,0.010198542610123219
strengths_nodal_positive_35,0.09239052773574535,0.13888051984263625
strengths_nodal_positive_36,0.14121924709201877,0.023287566489738343
strengths_nodal_positive_37,0.14166785164884885,0.022848164700639554
strengths_nodal_positive_38,-0.062385730741535646,0.31819691685892637
strengths_nodal_positive_39,-0.02148934616584603,0.7311970597110291
strengths_nodal_positive_40,0.04887239191827012,0.43441309590391375
strengths_nodal_positive_41,-0.01020156110193211,0.8704633983006601
strengths_nodal_positive_42,0.0637594948517037,0.307636188892848
strengths_nodal_positive_43,0.020020550560773162,0.7489317724324426
strengths_nodal_positive_44,0.13119552066253723,0.03518773169321834
strengths_nodal_positive_45,0.12179788408184027,0.050684039568302974
strengths_nodal_positive_46,0.0288472994110493,0.6446534885156157
strengths_nodal_positive_47,0.07084423254905564,0.2568673254294619
strengths_nodal_positive_48,0.15203047715942475,0.014511802347179333
strengths_nodal_positive_49,0.08204117868401643,0.18898319222330937
strengths_nodal_positive_50,0.046225485280774394,0.4597362966709111
strengths_nodal_positive_51,0.14351048438461342,0.021117616229329655
strengths_nodal_positive_52,0.027818723230903123,0.6564995561331437
strengths_nodal_positive_53,0.02930149405581493,0.6394507322271548
strengths_nodal_positive_54,0.13954501575531347,0.024992456169917496
strengths_nodal_positive_55,0.1876491199629377,0.0024749742846343304
strengths_nodal_positive_56,0.07785280529828535,0.21264638589213464
strengths_nodal_positive_57,0.07414797451898167,0.23528914023491962
strengths_nodal_positive_58,0.12148553791843991,0.051283909362420464
strengths_nodal_positive_59,0.08473560106896456,0.17481684977281123
strengths_nodal_positive_60,0.08926217477479806,0.15281574091680797
strengths_nodal_positive_61,0.023485706319838973,0.7073211291173165
strengths_nodal_positive_62,0.1374815745460936,0.02724055574296576
strengths_nodal_positive_63,0.15279212664064715,0.01402081162585729
strengths_nodal_positive_64,0.15860442057166335,0.010730235588888023
strengths_nodal_positive_65,0.14320163202617278,0.021399508459646596
strengths_nodal_positive_66,0.129533168262695,0.03759202490495242
strengths_nodal_positive_67,0.1002313248263841,0.10823368292573467
strengths_nodal_positive_68,0.1386813471692668,0.025913202002415342
strengths_nodal_positive_69,0.20277869296057693,0.0010551746963470944
strengths_nodal_positive_70,0.18264808754357212,0.0032366076330069752
strengths_nodal_positive_71,0.10512963937993347,0.091968304799738
strengths_nodal_positive_72,0.10667739497709636,0.0872556516691
strengths_nodal_positive_73,0.06173728054100871,0.3232629044481806
strengths_nodal_positive_74,0.0770827706851596,0.21721883216060514
strengths_nodal_positive_75,0.09330730215717999,0.13498692030806853
strengths_nodal_positive_76,-0.032250265441831814,0.6061095394907516
strengths_nodal_positive_77,0.11882046349515356,0.05664639809888529
strengths_nodal_positive_78,-0.007013813456669307,0.9107339228724509
strengths_nodal_positive_79,0.22576373702968577,0.0002561738856592911
strengths_nodal_positive_80,0.0385321267594365,0.5378013765462752
strengths_nodal_positive_81,0.08231718927583555,0.18749447924483517
strengths_nodal_positive_82,0.046643344353958775,0.45568481924622195
strengths_nodal_positive_83,0.1823762695177047,0.0032835272994450253
strengths_nodal_positive_84,0.14276211136223804,0.02180627633526168
strengths_nodal_positive_85,0.12025501981162101,0.05370493517881638
strengths_nodal_positive_86,0.1374075058809472,0.02732437859416093
strengths_nodal_positive_87,0.14144844069737744,0.023062171794805363
strengths_nodal_positive_88,0.13830122118964758,0.026327600457304885
strengths_nodal_positive_89,0.21808365496719487,0.0004179251077948682
strengths_nodal_positive_90,0.0847258184150773,0.17486681726814068
strengths_nodal_positive_91,-0.03966551708837475,0.5258990943939446
strengths_nodal_positive_92,-0.008106675648074617,0.8968968796839636
strengths_nodal_positive_93,0.0030162018217397817,0.961547100358676
strengths_nodal_positive_94,0.10404236727646374,0.09539880652562421
strengths_nodal_positive_95,0.0687234929384961,0.2714177918765753
strengths_nodal_positive_96,0.08953958288860107,0.15153884979574694
strengths_nodal_positive_97,0.06544350884229627,0.2950086797267871
strengths_nodal_positive_98,0.1743440119152724,0.004980054893724985
strengths_nodal_positive_99,0.1255062086661037,0.0439979771882246
strengths_nodal_positive_100,0.07027404357962679,0.2607254218474587
strengths_nodal_negative_1,-0.0743576028165658,0.2339643518843083
strengths_nodal_negative_2,0.05300556318563738,0.39651737962671585
strengths_nodal_negative_3,0.010956921734226953,0.8609657874664947
strengths_nodal_negative_4,-0.047451112060649656,0.4479097812609917
strengths_nodal_negative_5,0.05615138517138336,0.369050067677388
strengths_nodal_negative_6,0.062450715513786725,0.31769209227817435
strengths_nodal_negative_7,0.01715632925478188,0.7838898002371189
strengths_nodal_negative_8,0.04381895242450848,0.4834555621989074
strengths_nodal_negative_9,0.057683069265731475,0.35611307577436346
strengths_nodal_negative_10,-0.03331517719355924,0.5942617320400084
strengths_nodal_negative_11,-0.003745009536340637,0.9522656443739924
strengths_nodal_negative_12,-0.06901068370618638,0.2694151650580625
strengths_nodal_negative_13,-0.06311034589018481,0.31259740165117306
strengths_nodal_negative_14,-0.06099170256260112,0.32915193264644094
strengths_nodal_negative_15,-0.0914583805724879,0.1429269847150935
strengths_nodal_negative_16,-0.07490682895623625,0.23051835296474765
strengths_nodal_negative_17,0.031388693138761005,0.6157712301503125
strengths_nodal_negative_18,-0.020242057795220404,0.7462484904456387
strengths_nodal_negative_19,0.029029676029947497,0.6425622840531845
strengths_nodal_negative_20,-0.06548892830677283,0.294672954867402
strengths_nodal_negative_21,-0.1156970018611499,0.06351327397344861
strengths_nodal_negative_22,0.019134521622984204,0.7596948523645835
strengths_nodal_negative_23,0.03449049318201431,0.5813092243181224
strengths_nodal_negative_24,-0.051334825653891795,0.41159099465912696
strengths_nodal_negative_25,-0.10369298678049017,0.09652252825580607
strengths_nodal_negative_26,-0.0847642502696344,0.17467057734189748
strengths_nodal_negative_27,-0.09366506778505691,0.13349042048288395
strengths_nodal_negative_28,-0.005616990233766996,0.9284582035948097
strengths_nodal_negative_29,-0.002104318727248779,0.973167196922784
strengths_nodal_negative_30,-0.07158212415655181,0.251933235535219
strengths_nodal_negative_31,-0.011288134444409894,0.8568074598360909
strengths_nodal_negative_32,-0.13937591559526225,0.025170481486108214
strengths_nodal_negative_33,-0.039438419765991925,0.5282731858170624
strengths_nodal_negative_34,-0.06085404664718753,0.3302467340774743
strengths_nodal_negative_35,0.028634876069497373,0.6470927482613722
strengths_nodal_negative_36,0.04370435562182915,0.48460128615821696
strengths_nodal_negative_37,0.05027480522910801,0.42132745503167146
strengths_nodal_negative_38,-0.05384547389795783,0.38906639348453553
strengths_nodal_negative_39,-0.06561959661226696,0.2937085203037958
strengths_nodal_negative_40,0.02571475388415032,0.6809974049340758
strengths_nodal_negative_41,0.0381568921067609,0.5417713145419445
strengths_nodal_negative_42,-0.1628822353643637,0.008764680396653691
strengths_nodal_negative_43,-0.08567962716908513,0.1700446805908953
strengths_nodal_negative_44,-0.000674653737724953,0.9913958397137299
strengths_nodal_negative_45,-0.10176859900866776,0.102901861723476
strengths_nodal_negative_46,0.03807653459268698,0.5426233736953319
strengths_nodal_negative_47,0.09789257178633705,0.11675938721061146
strengths_nodal_negative_48,0.026652491135343365,0.6700354697222988
strengths_nodal_negative_49,0.028900405246437277,0.6440442659725197
strengths_nodal_negative_50,0.08095041277558697,0.19495122536030207
strengths_nodal_negative_51,-0.11236810449551378,0.0715697130591034
strengths_nodal_negative_52,0.07357848431054476,0.23891476924006402
strengths_nodal_negative_53,0.08901760842761658,0.1539481987339286
strengths_nodal_negative_54,-0.03045165464855991,0.6263548286807544
strengths_nodal_negative_55,0.14936190893117868,0.01635296737376951
strengths_nodal_negative_56,0.1517712368314124,0.014682323879703025
strengths_nodal_negative_57,0.13134785055878168,0.03497409050168271
strengths_nodal_negative_58,0.09079525639113006,0.14585993682537993
strengths_nodal_negative_59,-0.06420949693051764,0.30422755845523247
strengths_nodal_negative_60,-0.0762302822749841,0.22236240180590836
strengths_nodal_negative_61,-0.02540939533066942,0.6845816216358904
strengths_nodal_negative_62,-0.06881782567240897,0.2707588798613122
strengths_nodal_negative_63,0.05799681295111572,0.3534986194210594
strengths_nodal_negative_64,-0.03410407835346754,0.5855531867915431
strengths_nodal_negative_65,-0.06242486135708468,0.3178928739220785
strengths_nodal_negative_66,-0.10839844330026213,0.08224493660698287
strengths_nodal_negative_67,0.07987711589195617,0.20095667692835706
strengths_nodal_negative_68,0.16434963344745265,0.008168193005587583
strengths_nodal_negative_69,0.07199928446874425,0.24917304925520709
strengths_nodal_negative_70,0.07095743182975107,0.2561060914617549
strengths_nodal_negative_71,-0.06166600691983011,0.32382289706405976
strengths_nodal_negative_72,0.048178522253266624,0.4409728001704156
strengths_nodal_negative_73,0.03332985117439013,0.5940992124015186
strengths_nodal_negative_74,-0.0012357588142584976,0.9842405313321414
strengths_nodal_negative_75,0.0030462485443935087,0.9611643406234359
strengths_nodal_negative_76,-0.02554355744112327,0.6830059872126539
strengths_nodal_negative_77,0.12454191849721664,0.04566105540676234
strengths_nodal_negative_78,-0.005869941712851856,0.9252456276896085
strengths_nodal_negative_79,-0.060552181898666374,0.33265571050827736
strengths_nodal_negative_80,-0.12620636718003472,0.042822551044764644
strengths_nodal_negative_81,0.02533183286056329,0.6854931587129847
strengths_nodal_negative_82,0.0654854345018131,0.29469877081587154
strengths_nodal_negative_83,0.007539980483605495,0.9040683486464562
strengths_nodal_negative_84,-0.022763187454165647,0.7159306970033141
strengths_nodal_negative_85,-0.027838987299669587,0.6562653322393515
strengths_nodal_negative_86,0.15241200066102786,0.0142640039337753
strengths_nodal_negative_87,0.07309005037717371,0.24205542725830803
strengths_nodal_negative_88,0.029100949651126105,0.6417457953499088
strengths_nodal_negative_89,0.044703583840313546,0.4746605234170339
strengths_nodal_negative_90,0.08039839159194874,0.1980234162220955
strengths_nodal_negative_91,0.044510725806536144,0.476570447602345
strengths_nodal_negative_92,-0.15826971405652068,0.01089931922054312
strengths_nodal_negative_93,-0.11470685753556081,0.0658277387752546
strengths_nodal_negative_94,-0.13011313988601111,0.03673787691465742
strengths_nodal_negative_95,-0.14433222731114323,0.02038321367224458
strengths_nodal_negative_96,0.034294840104269114,0.5834562785084019
strengths_nodal_negative_97,0.063028590854127,0.3132259202189098
strengths_nodal_negative_98,0.09523588249495406,0.12707046242784037
strengths_nodal_negative_99,-0.04140962452427478,0.5078485692053258
strengths_nodal_negative_100,0.08285872904459457,0.18459862919434872
clustering_coefficient_positive_1,0.11897628719635778,0.05632057363304522
clustering_coefficient_positive_2,0.13908872482757198,0.025475331056054346
clustering_coefficient_positive_3,0.05663912034376246,0.36489935510014826
clustering_coefficient_positive_4,0.18576386280666432,0.0027405283079100797
clustering_coefficient_positive_5,0.112827889228215,0.07040974819434749
clustering_coefficient_positive_6,0.1449010187585882,0.019887941161981212
clustering_coefficient_positive_7,0.09637765795579568,0.12255586593023626
clustering_coefficient_positive_8,0.058606132536093626,0.3484556669610608
clustering_coefficient_positive_9,0.101897869792178,0.10246314090876138
clustering_coefficient_positive_10,0.11085947951389993,0.07548549534116093
clustering_coefficient_positive_11,0.09315427349994357,0.13563094653085522
clustering_coefficient_positive_12,0.12639852645282018,0.042504608619084845
clustering_coefficient_positive_13,0.17036876063208523,0.006082067960837379
clustering_coefficient_positive_14,0.1722407413295116,0.005538478721126298
clustering_coefficient_positive_15,0.22590838055501886,0.00025378259002719776
clustering_coefficient_positive_16,0.10942422443644051,0.07937049293550749
clustering_coefficient_positive_17,0.09998186715225897,0.1091190320623447
clustering_coefficient_positive_18,0.11996084143401128,0.05429756806935245
clustering_coefficient_positive_19,0.0663658733516665,0.2882407848201463
clustering_coefficient_positive_20,0.18751635537446773,0.002492879612587876
clustering_coefficient_positive_21,0.11058416768307276,0.07621851373958856
clustering_coefficient_positive_22,0.07563284162686933,0.22601840941694976
clustering_coefficient_positive_23,0.025127794650914727,0.6878932473622704
clustering_coefficient_positive_24,0.08238077652610273,0.18715273306038874
clustering_coefficient_positive_25,0.08722878028823192,0.16242490347483113
clustering_coefficient_positive_26,0.06183929964583298,0.32246243904723315
clustering_coefficient_positive_27,0.17234974804425532,0.005508211596309862
clustering_coefficient_positive_28,0.1263705760131423,0.04255073107284309
clustering_coefficient_positive_29,0.14671989362062657,0.018373608389260783
clustering_coefficient_positive_30,0.10141991727368616,0.1040926299082673
clustering_coefficient_positive_31,0.1311284396073103,0.03528216282575152
clustering_coefficient_positive_32,0.0445694217298597,0.475988723711257
clustering_coefficient_positive_33,0.03571192739593789,0.5679892713728816
clustering_coefficient_positive_34,0.17008296738637882,0.006169133816436431
clustering_coefficient_positive_35,0.12479626749828543,0.045217355974200284
clustering_coefficient_positive_36,0.12729084423953665,0.04105408927270306
clustering_coefficient_positive_37,0.07807011996678088,0.21136857018470492
clustering_coefficient_positive_38,-0.009943019534911671,0.873718541890651
clustering_coefficient_positive_39,0.04787595874375351,0.4438507487696791
clustering_coefficient_positive_40,0.05199794983524962,0.40556816489974246
clustering_coefficient_positive_41,-6.673167473095082e-05,0.9991489249246918
clustering_coefficient_positive_42,0.0806974612965021,0.19635464718049106
clustering_coefficient_positive_43,0.08383489815034471,0.17946198103158797
clustering_coefficient_positive_44,0.11573054238876336,0.06343605855287567
clustering_coefficient_positive_45,0.1104590894655142,0.07655343621091719
clustering_coefficient_positive_46,0.022626929060735955,0.7175584299272071
clustering_coefficient_positive_47,0.02316567378552719,0.7111301390594956
clustering_coefficient_positive_48,0.1297469891262308,0.03727518728091711
clustering_coefficient_positive_49,0.07153670469207524,0.2522350328141825
clustering_coefficient_positive_50,0.028943029666946056,0.643555456624749
clustering_coefficient_positive_51,0.15769323623816428,0.011196062471354738
clustering_coefficient_positive_52,-0.0008779931863815675,0.9888027106056134
clustering_coefficient_positive_53,-0.04248012636393778,0.49693175161584147
clustering_coefficient_positive_54,0.14507710652855887,0.019736746019934352
clustering_coefficient_positive_55,0.08439809950985411,0.1765468581815847
clustering_coefficient_positive_56,-0.0008926671672124572,0.9886155818004493
clustering_coefficient_positive_57,-0.02592438218173446,0.6785409768434203
clustering_coefficient_positive_58,0.0035745118543055376,0.954436422953011
clustering_coefficient_positive_59,0.08729166877750716,0.16212107554008792
clustering_coefficient_positive_60,0.13218706251011017,0.03381674442273548
clustering_coefficient_positive_61,0.06964655620885826,0.26501706459547447
clustering_coefficient_positive_62,0.13920541791322716,0.025351081818717397
clustering_coefficient_positive_63,0.09750965076275002,0.11820393182867749
clustering_coefficient_positive_64,0.17445441615200008,0.004952192079866184
clustering_coefficient_positive_65,0.177772832102757,0.004177473102238073
clustering_coefficient_positive_66,0.17758416663493126,0.004218400613319734
clustering_coefficient_positive_67,0.08360849958895383,0.18064378788095392
clustering_coefficient_positive_68,0.0781337072170481,0.210995721387634
clustering_coefficient_positive_69,0.18064613730164358,0.003596889931666427
clustering_coefficient_positive_70,0.14304720584695246,0.02154167207474425
clustering_coefficient_positive_71,0.1390873273055881,0.025476822239262155
clustering_coefficient_positive_72,0.05454283736792107,0.3829448008290869
clustering_coefficient_positive_73,0.011151177289988257,0.8585264648126748
clustering_coefficient_positive_74,0.08012936861004909,0.19953331878635805
clustering_coefficient_positive_75,0.06795275956437842,0.27684224610048774
clustering_coefficient_positive_76,0.04469869251336992,0.4747089118212535
clustering_coefficient_positive_77,0.05552459656160678,0.374426819754079
clustering_coefficient_positive_78,0.06233821499408324,0.3185663663746282
clustering_coefficient_positive_79,0.16862255691320935,0.0066316975684577
clustering_coefficient_positive_80,0.13178108237378894,0.03437249601442099
clustering_coefficient_positive_81,0.11741665266233177,0.05965262403213018
clustering_coefficient_positive_82,0.04354853192062494,0.4861615352311487
clustering_coefficient_positive_83,0.1299650025557183,0.0369544668006692
clustering_coefficient_positive_84,0.1288497800125707,0.038619979594302314
clustering_coefficient_positive_85,0.12620217461408303,0.04282951019099824
clustering_coefficient_positive_86,0.0415507742446481,0.5064020193712451
clustering_coefficient_positive_87,0.06945998702400837,0.26630236740229285
clustering_coefficient_positive_88,0.14770724290224788,0.017594377010668526
clustering_coefficient_positive_89,0.15105989814161022,0.01515927406446436
clustering_coefficient_positive_90,0.07996026844999789,0.20048666988763708
clustering_coefficient_positive_91,-0.0261696472899079,0.6756712619214208
clustering_coefficient_positive_92,0.13895526147811008,0.025618078248608574
clustering_coefficient_positive_93,0.0827937442723435,0.1849443833784635
clustering_coefficient_positive_94,0.11540981109345963,0.06417759626697736
clustering_coefficient_positive_95,0.09288385299606003,0.13677478495999082
clustering_coefficient_positive_96,0.038987020165194085,0.5330082105465952
clustering_coefficient_positive_97,0.021077077180597224,0.736160996228957
clustering_coefficient_positive_98,0.06874445576825451,0.2712712727064953
clustering_coefficient_positive_99,0.13638382102774466,0.028505725132084433
clustering_coefficient_positive_100,0.03180655221194539,0.6110769395839692
clustering_coefficient_negative_1,-0.13098659112594505,0.03548255351195557
clustering_coefficient_negative_2,-0.12828587989206938,0.039485988379006166
clustering_coefficient_negative_3,-0.1751769350176734,0.0047732833788608825
clustering_coefficient_negative_4,-0.03682784870007746,0.5559483225157834
clustering_coefficient_negative_5,-0.10498150204964066,0.0924298183057836
clustering_coefficient_negative_6,-0.18217362883004,0.0033189057989924573
clustering_coefficient_negative_7,-0.063834961038834,0.30706280826009935
clustering_coefficient_negative_8,-0.1049388776291319,0.09256295426842101
clustering_coefficient_negative_9,-0.19039874446624966,0.002129483667907326
clustering_coefficient_negative_10,-0.21209876707116776,0.0006049897873681389
clustering_coefficient_negative_11,-0.1902687749217475,0.002144769024560837
clustering_coefficient_negative_12,-0.17356000208230773,0.005182003822638058
clustering_coefficient_negative_13,-0.17433213297840933,0.004983061173081112
clustering_coefficient_negative_14,-0.025294099766998146,0.6859367738876245
clustering_coefficient_negative_15,-0.07199858570775229,0.24917765504172568
clustering_coefficient_negative_16,-0.14149316140086204,0.02301841263559633
clustering_coefficient_negative_17,-0.13010615227609165,0.036748069207454714
clustering_coefficient_negative_18,-0.033491264963529915,0.592312831676846
clustering_coefficient_negative_19,-0.10980854298201143,0.07831469378192896
clustering_coefficient_negative_20,-0.016140330772490757,0.7963991635177137
clustering_coefficient_negative_21,0.015985904593270442,0.798305166229107
clustering_coefficient_negative_22,-0.1393423750676488,0.025205921685016053
clustering_coefficient_negative_23,-0.06005676035537586,0.3366337160651477
clustering_coefficient_negative_24,-0.18927793183516647,0.0022646269461975336
clustering_coefficient_negative_25,-0.17115696303100156,0.0058476188545737865
clustering_coefficient_negative_26,-0.017248565705718904,0.7827568411049952
clustering_coefficient_negative_27,-0.06853902003662206,0.2727094841917634
clustering_coefficient_negative_28,-0.1620758651796567,0.00910867505867341
clustering_coefficient_negative_29,-0.07482717020315427,0.2310159182239518
clustering_coefficient_negative_30,-0.24146839032369752,8.93406426300935e-05
clustering_coefficient_negative_31,-0.14165946651694547,0.022856311684624663
clustering_coefficient_negative_32,-0.043786809418878914,0.4837767762342381
clustering_coefficient_negative_33,-0.00118894182779804,0.9848375093060763
clustering_coefficient_negative_34,-0.09268889867930678,0.1376039922390629
clustering_coefficient_negative_35,-0.14177755712458454,0.022741805834434928
clustering_coefficient_negative_36,-0.14710700721016529,0.018064584107719363
clustering_coefficient_negative_37,-0.0886577465167638,0.15562604390285067
clustering_coefficient_negative_38,-0.10106564545076897,0.10531360748342827
clustering_coefficient_negative_39,-0.13386059508582357,0.03160576609624865
clustering_coefficient_negative_40,-0.06194131875065726,0.3216632602268124
clustering_coefficient_negative_41,-0.09950181835079128,0.11083878239827685
clustering_coefficient_negative_42,-0.05511372509834187,0.3779773716298551
clustering_coefficient_negative_43,-0.11938086981069516,0.05548183469517044
clustering_coefficient_negative_44,-0.12098033372126216,0.052266669738405255
clustering_coefficient_negative_45,-0.09840965492037793,0.11483064216794978
clustering_coefficient_negative_46,-0.061039917071045474,0.3287690278110884
clustering_coefficient_negative_47,-0.07517375565516005,0.22885659497304642
clustering_coefficient_negative_48,-0.15341961401141568,0.01362732036807911
clustering_coefficient_negative_49,-0.06169745116446772,0.32357576409576894
clustering_coefficient_negative_50,-0.025748993172755728,0.6805959576212732
clustering_coefficient_negative_51,-0.06363860920009684,0.3085561269145976
clustering_coefficient_negative_52,-0.12407514615459599,0.046484805326727316
clustering_coefficient_negative_53,-0.11717278507614222,0.060188040238885854
clustering_coefficient_negative_54,-0.05882135092161334,0.3466853567003061
clustering_coefficient_negative_55,-0.20955318077750434,0.000705933862286165
clustering_coefficient_negative_56,-0.13440003857160676,0.03091987602458998
clustering_coefficient_negative_57,-0.12622663124880118,0.04278892856717873
clustering_coefficient_negative_58,-0.15918788599993922,0.01044102394477772
clustering_coefficient_negative_59,-0.20400641602342806,0.0009819645560868826
clustering_coefficient_negative_60,-0.20149437025737812,0.0011371057886445605
clustering_coefficient_negative_61,-0.1283711287330869,0.03935402548246701
clustering_coefficient_negative_62,-0.14332810776571522,0.02128368151276508
clustering_coefficient_negative_63,-0.042203417011126725,0.49974162541572076
clustering_coefficient_negative_64,-0.06968289178043952,0.2647672386523422
clustering_coefficient_negative_65,-0.04338851565346905,0.48776657057255224
clustering_coefficient_negative_66,-0.09597377410245024,0.12413836924321626
clustering_coefficient_negative_67,-0.09523588249495406,0.12707046242784037
clustering_coefficient_negative_68,-0.08060242980159729,0.1968837963973934
clustering_coefficient_negative_69,-0.21316298006190323,0.0005668907987264603
clustering_coefficient_negative_70,-0.07332203902650015,0.24056014493803926
clustering_coefficient_negative_71,-0.025767859719538298,0.6803747903890693
clustering_coefficient_negative_72,-0.009869649630757222,0.8746426885347507
clustering_coefficient_negative_73,-0.03370438706607379,0.5899579509054369
clustering_coefficient_negative_74,-0.07496622364055175,0.2301478544981976
clustering_coefficient_negative_75,-0.11466423311505206,0.06592890483900941
clustering_coefficient_negative_76,-0.03862226692739768,0.5368498720178416
clustering_coefficient_negative_77,-0.028713137300595448,0.6461936332797804
clustering_coefficient_negative_78,-0.11881627092920188,0.05665518617543728
clustering_coefficient_negative_79,-0.1363894111156802,0.02849915718245618
clustering_coefficient_negative_80,-0.005293463894495475,0.9325687889822936
clustering_coefficient_negative_81,-0.15678973827557663,0.011675498839062734
clustering_coefficient_negative_82,-0.11845291521338937,0.057421115664510754
clustering_coefficient_negative_83,-0.12025012848467738,0.05371474486113247
clustering_coefficient_negative_84,-0.1283159266147231,0.0394394343162246
clustering_coefficient_negative_85,-0.08366440046830961,0.1803514508971689
clustering_coefficient_negative_86,-0.06123557014879066,0.3272181585574089
clustering_coefficient_negative_87,-0.03866489134790646,0.5364002290055576
clustering_coefficient_negative_88,-0.078821986794116,0.20699017155807622
clustering_coefficient_negative_89,-0.14523502651273892,0.01960200011346132
clustering_coefficient_negative_90,-0.035516274318192695,0.5701131072747618
clustering_coefficient_negative_91,-0.03813802555997832,0.5419713035712024
clustering_coefficient_negative_92,-0.06791153266585354,0.27713445782959867
clustering_coefficient_negative_93,-0.09707152762079918,0.11987377504575816
clustering_coefficient_negative_94,-0.018922797042424225,0.7622737386653771
clustering_coefficient_negative_95,-0.11054783211149151,0.07631568698180412
clustering_coefficient_negative_96,-0.07755303683274002,0.21441811991604295
clustering_coefficient_negative_97,-0.0909322135455517,0.1452504624067283
clustering_coefficient_negative_98,-0.12088739850933318,0.0524491483048836
clustering_coefficient_negative_99,-0.10728322075711452,0.08546461208953013
clustering_coefficient_negative_100,-0.018414099040286715,0.7684805602987208
local_assortativity_positive_1,0.024378722867547407,0.6967312026700254
local_assortativity_positive_2,0.07723719686437992,0.21629626322325834
local_assortativity_positive_3,-0.06456866008037847,0.30152496532526885
local_assortativity_positive_4,0.1731428417701153,0.005292429725355095
local_assortativity_positive_5,0.049209893477380584,0.4312427901886775
local_assortativity_positive_6,0.08988477081862296,0.14996127367288098
local_assortativity_positive_7,0.10755923134893365,0.08465848048933522
local_assortativity_positive_8,-0.01057120566667214,0.8658132229958231
local_assortativity_positive_9,0.048622934244144995,0.43676494265713295
local_assortativity_positive_10,0.08250655350465322,0.18647809885183403
local_assortativity_positive_11,0.07344502096108284,0.23977009423646692
local_assortativity_positive_12,0.11888824331137245,0.05650448062473952
local_assortativity_positive_13,0.11997621417583411,0.0542664653655405
local_assortativity_positive_14,0.13951077646670806,0.025028414852711085
local_assortativity_positive_15,0.16869942062232351,0.006606600134842435
local_assortativity_positive_16,0.13289979872189625,0.03285954153406804
local_assortativity_positive_17,0.07893239103084365,0.20635279757963074
local_assortativity_positive_18,0.00020997767808011227,0.9973220143351971
local_assortativity_positive_19,-0.01802768421173995,0.7732052620891361
local_assortativity_positive_20,0.06451066291804686,0.30196029706433714
local_assortativity_positive_21,0.025712657601174475,0.6810219862608178
local_assortativity_positive_22,0.06903653786288841,0.26923537579596846
local_assortativity_positive_23,0.021062403199766336,0.7363378820758192
local_assortativity_positive_24,0.05564548221321364,0.3733861009190991
local_assortativity_positive_25,0.07625124510474253,0.22223488976685113
local_assortativity_positive_26,0.1250555078262978,0.04476884781951809
local_assortativity_positive_27,0.1550197766829746,0.012667455335923788
local_assortativity_positive_28,0.05402645299487214,0.38747206226665665
local_assortativity_positive_29,0.08515765270810062,0.17267118519016664
local_assortativity_positive_30,0.10792258706474613,0.0836065803961103
local_assortativity_positive_31,0.1577128015459388,0.01118587541561356
local_assortativity_positive_32,0.05964239508715121,0.33998413739188416
local_assortativity_positive_33,0.006136169650783712,0.9218657453500221
local_assortativity_positive_34,0.10784851839959976,0.08382014800800872
local_assortativity_positive_35,0.020967371704861525,0.737483764460123
local_assortativity_positive_36,-0.03178698690417087,0.6112963869583821
local_assortativity_positive_37,-0.04721632836735542,0.4501618958355359
local_assortativity_positive_38,-0.026854433062016087,0.6676838300153163
local_assortativity_positive_39,0.014278831489943604,0.8194519353450875
local_assortativity_positive_40,-0.02907789053839185,0.6420099064014377
local_assortativity_positive_41,-0.050613704310202366,0.4182000972340193
local_assortativity_positive_42,0.03448560185507068,0.5813628558673181
local_assortativity_positive_43,0.057174371263593954,0.36037778507812124
local_assortativity_positive_44,0.02118538513434903,0.734855840750215
local_assortativity_positive_45,0.10791839449879448,0.08361865742108873
local_assortativity_positive_46,0.02739597283077511,0.6613935758346141
local_assortativity_positive_47,-0.093294025698333,0.13504270148817527
local_assortativity_positive_48,0.1202207805230156,0.0537736341912378
local_assortativity_positive_49,-0.04280435146420125,0.4936500536724452
local_assortativity_positive_50,-0.026004739695808375,0.6776002438379762
local_assortativity_positive_51,0.11174760473466473,0.07315976780883302
local_assortativity_positive_52,-0.018328850199269164,0.7695221715964217
local_assortativity_positive_53,-0.06682845312833549,0.28488607959750917
local_assortativity_positive_54,0.09120053776645941,0.1440620133793291
local_assortativity_positive_55,0.02691243022434769,0.6670090434906512
local_assortativity_positive_56,-0.10255680140758414,0.10024979577645268
local_assortativity_positive_57,-0.05623942905636869,0.3682986472887042
local_assortativity_positive_58,-0.056821496962660666,0.3633547742515262
local_assortativity_positive_59,0.10512474805298984,0.09198351401588813
local_assortativity_positive_60,0.1401739006480659,0.02433985675278434
local_assortativity_positive_61,0.16963576035153266,0.006307613956058022
local_assortativity_positive_62,0.13761433913456353,0.027090859256867928
local_assortativity_positive_63,0.062027266352666775,0.3209909780126772
local_assortativity_positive_64,0.06049069093137503,0.3331478075057104
local_assortativity_positive_65,0.15969378895810893,0.01019586171389321
local_assortativity_positive_66,0.09730141998714976,0.11899529764459596
local_assortativity_positive_67,0.0004272923465756693,0.9945504870766659
local_assortativity_positive_68,0.09852215544008142,0.11441432895662453
local_assortativity_positive_69,0.1488581022559848,0.01672258562914045
local_assortativity_positive_70,0.03165771612066065,0.6127471784875784
local_assortativity_positive_71,0.0376453990606556,0.5472061622281725
local_assortativity_positive_72,0.10211238941670576,0.10173836750948352
local_assortativity_positive_73,0.04952852848970847,0.4282619832371899
local_assortativity_positive_74,0.07726025597711418,0.21615874503788288
local_assortativity_positive_75,0.1721226507218725,0.005571436405839798
local_assortativity_positive_76,0.17446210252291147,0.004950257492217771
local_assortativity_positive_77,0.1316504140682948,0.034553011918143736
local_assortativity_positive_78,0.16136312896787064,0.009422646609566808
local_assortativity_positive_79,0.1491872186831919,0.016480312790901494
local_assortativity_positive_80,0.07223616444501432,0.24761509600361808
local_assortativity_positive_81,0.0957627482828822,0.12497149379632345
local_assortativity_positive_82,-0.033939170759368024,0.5873686972267063
local_assortativity_positive_83,0.0800273495052248,0.20010808625631105
local_assortativity_positive_84,0.0517722500348507,0.4076121840788004
local_assortativity_positive_85,0.05531217322005486,0.37625991211620224
local_assortativity_positive_86,-0.10195237314954987,0.10227861068122293
local_assortativity_positive_87,-0.06611152435059774,0.29009660391308856
local_assortativity_positive_88,-0.0017514444263154786,0.9776655173749003
local_assortativity_positive_89,0.04811703128597527,0.44155683278772384
local_assortativity_positive_90,0.005354256100794875,0.9317962498285147
local_assortativity_positive_91,-0.025752486977715462,0.6805549986654971
local_assortativity_positive_92,0.05148925183311212,0.41018372546154824
local_assortativity_positive_93,0.026205982861489147,0.6752465159385057
local_assortativity_positive_94,0.023812027703078286,0.7034447547507279
local_assortativity_positive_95,0.045433090315906345,0.4674739677645544
local_assortativity_positive_96,-0.01296376330309911,0.8358330011429993
local_assortativity_positive_97,0.052163556190341104,0.4040722535530873
local_assortativity_positive_98,0.011890466419468318,0.8492554644918261
local_assortativity_positive_99,0.041081905619051576,0.5112154376640674
local_assortativity_positive_100,-0.08297402460826585,0.18398636516150826
clustering_coefficient_1,0.14572206292412607,0.019191452537623697
clustering_coefficient_2,0.07238290425332322,0.24665339955550186
clustering_coefficient_3,0.041379577801621055,0.5081567761905085
clustering_coefficient_4,0.12928301182757793,0.03796559301276599
clustering_coefficient_5,0.028458788299526694,0.649117628573304
clustering_coefficient_6,0.12219128652030653,0.04993682501349547
clustering_coefficient_7,0.0340544663230393,0.5860991060205322
clustering_coefficient_8,0.027714607843103003,0.6577035111867117
clustering_coefficient_9,0.08076733739569682,0.1959662281527164
clustering_coefficient_10,0.13078115539431256,0.03577448547574857
clustering_coefficient_11,0.0697730319484007,0.26414817494074955
clustering_coefficient_12,0.10013140200453564,0.10858763763368164
clustering_coefficient_13,0.17081247386197165,0.005949071455367391
clustering_coefficient_14,0.12313810766439488,0.048176041089242824
clustering_coefficient_15,0.15941358580033815,0.010331012124922007
clustering_coefficient_16,0.11542448507429051,0.06414351508310438
clustering_coefficient_17,0.06209853997384537,0.3204341683521459
clustering_coefficient_18,0.06747480704588658,0.28024274905540064
clustering_coefficient_19,0.047816564059438,0.4444169534339458
clustering_coefficient_20,0.1429319102832812,0.021648344602017398
clustering_coefficient_21,0.07064508566635071,0.25821032010996275
clustering_coefficient_22,0.054900602995798006,0.37982716333121824
clustering_coefficient_23,-0.016679774258273942,0.7897506302297068
clustering_coefficient_24,0.07888976661033488,0.20659870422335647
clustering_coefficient_25,0.08442045986159642,0.17643184973397724
clustering_coefficient_26,0.060800940811799556,0.33066971970428005
clustering_coefficient_27,0.14805522587623754,0.01732669052906407
clustering_coefficient_28,0.11257354022714623,0.07104952129510798
clustering_coefficient_29,0.12498772801007893,0.04488575107911892
clustering_coefficient_30,0.11526377004614267,0.06451759588878957
clustering_coefficient_31,0.10535953174628408,0.09125573438917581
clustering_coefficient_32,0.0504823372437163,0.41941073539827056
clustering_coefficient_33,0.03679640445543983,0.5562859078108793
clustering_coefficient_34,0.16442649715656682,0.008137968469693353
clustering_coefficient_35,0.0561269285366652,0.36925896366691313
clustering_coefficient_36,0.10818462243672633,0.08285454854971966
clustering_coefficient_37,0.04069269574653702,0.5152290460642137
clustering_coefficient_38,0.013074866300818703,0.8344462073840604
clustering_coefficient_39,0.03018612547161999,0.6293680000612523
clustering_coefficient_40,0.008734861779835085,0.8889570475511588
clustering_coefficient_41,-0.01983188509294744,0.7512196046405626
clustering_coefficient_42,0.09320178924739597,0.13543072287063201
clustering_coefficient_43,0.06270576327584743,0.31571583768753614
clustering_coefficient_44,0.07097140704959001,0.2560122201122756
clustering_coefficient_45,0.13341408681196934,0.03218326352673969
clustering_coefficient_46,-0.02160883429546899,0.7297604376095603
clustering_coefficient_47,-0.048084189519353754,0.4418689396106775
clustering_coefficient_48,0.11391516133168471,0.06772765785852673
clustering_coefficient_49,0.03352410673015142,0.5919496690961096
clustering_coefficient_50,-0.02816810372687669,0.6524659294550998
clustering_coefficient_51,0.11813497896205342,0.05809830692347336
clustering_coefficient_52,-0.02092614480633664,0.737981055832589
clustering_coefficient_53,-0.04631842049270336,0.45883348591065265
clustering_coefficient_54,0.11276919330489141,0.07055696956443637
clustering_coefficient_55,0.05127612973056824,0.41212663038487685
clustering_coefficient_56,-0.05287489488014327,0.39768420771401725
clustering_coefficient_57,-0.0227254543606005,0.7163813256928582
clustering_coefficient_58,0.039141446344414396,0.5313859351817262
clustering_coefficient_59,0.1152225431476178,0.06461384368471818
clustering_coefficient_60,0.1524490349936011,0.014240148996193433
clustering_coefficient_61,0.036726528356245125,0.5570364530109873
clustering_coefficient_62,0.15766249075451863,0.0112120872514127
clustering_coefficient_63,0.04695848556132693,0.452642532563989
clustering_coefficient_64,0.12574448616435766,0.043594953521672135
clustering_coefficient_65,0.11823839558886161,0.05787731346294606
clustering_coefficient_66,0.14978535809229862,0.016047842859574217
clustering_coefficient_67,0.02354020967721085,0.7066731551305456
clustering_coefficient_68,0.010300785162788602,0.8692147029712511
clustering_coefficient_69,0.11291383683022449,0.07019462614202378
clustering_coefficient_70,0.0687025301087377,0.2715643649256059
clustering_coefficient_71,0.09014051734167561,0.14880051620239265
clustering_coefficient_72,-0.0016137885109018943,0.9794205070477593
clustering_coefficient_73,-0.028864069674856028,0.6444610767964116
clustering_coefficient_74,0.04412221469501354,0.48043065015288144
clustering_coefficient_75,0.03765657923652675,0.5470870816417057
clustering_coefficient_76,-0.011483088761163144,0.8543616750457342
clustering_coefficient_77,0.03060328578381243,0.6246369222925416
clustering_coefficient_78,-0.03355065964784543,0.5916561226057679
clustering_coefficient_79,0.13463412350390902,0.03062621797581069
clustering_coefficient_80,0.07820148703326697,0.21059881007359793
clustering_coefficient_81,0.1101963553325421,0.07726084549869684
clustering_coefficient_82,-0.012248930808337197,0.8447675364449032
clustering_coefficient_83,0.11758016273444741,0.05929583876982884
clustering_coefficient_84,0.10688213194773688,0.0866470368114107
clustering_coefficient_85,0.11412758467323665,0.06721353344239296
clustering_coefficient_86,4.507008398058981e-05,0.9994251900734522
clustering_coefficient_87,0.027590228386536415,0.6591429508809301
clustering_coefficient_88,0.11026693019272876,0.07707030519148787
clustering_coefficient_89,0.16717961546483853,0.007118929776345934
clustering_coefficient_90,0.016430316584148816,0.7928232869683978
clustering_coefficient_91,-0.07719247616089532,0.2165631435914455
clustering_coefficient_92,0.07549798075542352,0.22684955045909252
clustering_coefficient_93,0.06484327315021371,0.29946933831135064
clustering_coefficient_94,0.08689477253408119,0.16404572872860831
clustering_coefficient_95,0.09816648609518033,0.11573454678461814
clustering_coefficient_96,0.018757889448324704,0.7642841971810979
clustering_coefficient_97,0.01353255475054407,0.8287387560770006
clustering_coefficient_98,0.03684811276884393,0.5557308202230107
clustering_coefficient_99,0.08701426066370414,0.16346450770147897
clustering_coefficient_100,-0.028075867275939664,0.6535298318688827
local_efficiency_1,0.03560361944218609,0.5691645012169979
local_efficiency_2,0.10576760816558119,0.09000174130002359
local_efficiency_3,0.08137316317571498,0.19262207800045636
local_efficiency_4,0.01384699719692028,0.824822789082916
local_efficiency_5,0.11036266044862553,0.0768124581520432
local_efficiency_6,0.07101193518712295,0.25574012758804493
local_efficiency_7,0.06743986899628923,0.2804924254994337
local_efficiency_8,0.12321427261251709,0.04803668066553363
local_efficiency_9,0.10339950716387238,0.09747456761631607
local_efficiency_10,0.06426539780987342,0.3038058738803748
local_efficiency_11,0.0769863416682709,0.21779634109036725
local_efficiency_12,0.04014067456289879,0.5209493666895293
local_efficiency_13,-0.025310171269812932,0.6857478135179543
local_efficiency_14,-0.025182996769278553,0.687243598604804
local_efficiency_15,-0.04143617744196877,0.5075762814397968
local_efficiency_16,0.017783816625550404,0.7761913543677956
local_efficiency_17,0.08042634203162662,0.19786702098859482
local_efficiency_18,0.051321549195044815,0.4117121144078174
local_efficiency_19,0.10973657059984089,0.07851154662412747
local_efficiency_20,0.028483943695236786,0.6488282016336633
local_efficiency_21,0.006946732401442383,0.9115841761721977
local_efficiency_22,0.07388314410303369,0.23697032418867933
local_efficiency_23,0.12380682193368828,0.04696394205025412
local_efficiency_24,0.06779623710218227,0.2779527688956143
local_efficiency_25,0.01225242461329693,0.8447238188468944
local_efficiency_26,0.061890309198245126,0.32206268881018246
local_efficiency_27,-0.015408728013922113,0.8054394587360312
local_efficiency_28,0.06427937302971236,0.30370051308147483
local_efficiency_29,0.05700666862552665,0.3617906891980156
local_efficiency_30,-0.022847038773199303,0.7149296522485866
local_efficiency_31,-0.055350605074611946,0.3759278597783946
local_efficiency_32,-0.06081561479263045,0.3305528072684083
local_efficiency_33,0.0009387853926809677,0.9880274667993627
local_efficiency_34,0.011571132646148482,0.8532575814979861
local_efficiency_35,0.0693684493340633,0.26693454114155535
local_efficiency_36,0.12953736082864667,0.03758579057525705
local_efficiency_37,0.1112640621282373,0.07441868331261879
local_efficiency_38,0.04100294562696155,0.5120283738669531
local_efficiency_39,0.030054059644141987,0.6308689476692577
local_efficiency_40,0.0685872345450664,0.2723714799245481
local_efficiency_41,0.13170282114269083,0.03448051602585982
local_efficiency_42,-0.09374891910409058,0.13314153143388557
local_efficiency_43,-0.003136388712354688,0.9600161151595243
local_efficiency_44,0.06690461807645771,0.28433624638419497
local_efficiency_45,-0.04458199942771474,0.475864118956173
local_efficiency_46,0.10972539042396973,0.07854216159790336
local_efficiency_47,0.20450742765465416,0.0009534555298196894
local_efficiency_48,0.0813319362771901,0.1928483192482867
local_efficiency_49,0.09421219764175152,0.13122655374212908
local_efficiency_50,0.1694939118701674,0.006352115536041739
local_efficiency_51,-0.046852972651542917,0.45365985309010126
local_efficiency_52,0.11953529598991547,0.05516443478101052
local_efficiency_53,0.13677372966125115,0.028050706947638487
local_efficiency_54,0.031620681788087454,0.6131630891870009
local_efficiency_55,0.1487085674037081,0.016833686097185982
local_efficiency_56,0.19121280102186808,0.002035982236717309
local_efficiency_57,0.1971424867995314,0.0014601397688090373
local_efficiency_58,0.16728373085263865,0.007082732862383438
local_efficiency_59,0.02179330719734303,0.7275443467425233
local_efficiency_60,0.004670867850670584,0.9404841628481331
local_efficiency_61,0.045121442913497935,0.4705367272714247
local_efficiency_62,-0.04620941377795961,0.45989252204479425
local_efficiency_63,0.06678303366385893,0.28521430186658553
local_efficiency_64,0.03024621891692745,0.6286855322111388
local_efficiency_65,0.0038875567786978518,0.9504510006688012
local_efficiency_66,-0.04222787364584486,0.49949294067034067
local_efficiency_67,0.12181325682366312,0.05065466729330916
local_efficiency_68,0.12880575807007805,0.03868700386376874
local_efficiency_69,0.08622885330875557,0.16731331242375566
local_efficiency_70,0.10691217867039059,0.08655800534357345
local_efficiency_71,0.01965719484496066,0.753339908543894
local_efficiency_72,0.09397182386052172,0.13221747990361923
local_efficiency_73,0.11026902647570459,0.07706465140567091
local_efficiency_74,0.06976953814344096,0.26417215115818504
local_efficiency_75,0.04918473808167048,0.4314786253015669
local_efficiency_76,0.05810651842685143,0.3525872869261475
local_efficiency_77,0.15763034774888904,0.011228862078353597
local_efficiency_78,0.0778877433478827,0.21244057598829388
local_efficiency_79,-0.08972126074650733,0.15070698727326784
local_efficiency_80,-0.10139755692194385,0.1041693615673891
local_efficiency_81,0.07974924263042985,0.2016810195871344
local_efficiency_82,0.10397878002619654,0.09560254493838614
local_efficiency_83,0.018886461470842972,0.7627165846226538
local_efficiency_84,0.02475255999823912,0.6923152632942303
local_efficiency_85,0.0356231847499606,0.5689521162246464
local_efficiency_86,0.1862201537344058,0.0026739840639245596
local_efficiency_87,0.12518687489278385,0.044542999275724804
local_efficiency_88,0.07825738791262274,0.21027186484618202
local_efficiency_89,0.10455036651760931,0.09378352410399692
local_efficiency_90,0.0845420442741952,0.17580746279359827
local_efficiency_91,0.14628526428363547,0.018726035756693984
local_efficiency_92,-0.05478740371510257,0.38081192151863485
local_efficiency_93,-0.004824595268898951,0.9385291757950562
local_efficiency_94,-0.057916455437041804,0.35416709440247796
local_efficiency_95,-0.05581108856830511,0.37196326949275915
local_efficiency_96,0.11578364822415134,0.0633139585132795
local_efficiency_97,0.14940662963466328,0.016320505447034502
local_efficiency_98,0.11998809311269723,0.054242441581332845
local_efficiency_99,0.04854746805701471,0.4374778595400355
local_efficiency_100,0.18362425664932225,0.0030730711830504525
